[
  {
    "_nombreClub": "Los Satanases del Infierno",
    "_cif": 13230,
    "_sedeSocial": null,
    "_dicSocios": {},
    "_listaEventos": [],
    "_saldoTotal": 0,
    "_controlCuotas": {
      "2021": {
        "12123123X": [
          2021,
          "12123123X",
          false,
          10.5,
          30,
          ""
        ],
        "11111111A": [
          2021,
          "11111111A",
          false,
          10.5,
          30,
          ""
        ],
        "22222222B": [
          2021,
          "22222222B",
          false,
          10.5,
          30,
          ""
        ],
        "33333333C": [
          2021,
          "33333333C",
          false,
          10.5,
          30,
          ""
        ],
        "00000000A": [
          2022,
          "00000000A",
          false,
          15.0,
          0,
          ""
        ]
      },
      "2022": {
        "12123123X": [
          2021,
          "12123123X",
          true,
          10.5,
          30,
          "15/02/2022"
        ],
        "11111111A": [
          2021,
          "11111111A",
          false,
          10.5,
          30,
          "21/02/2022"
        ],
        "22222222B": [
          2021,
          "22222222B",
          false,
          10.5,
          30,
          ""
        ]
      }
    },
    "_diccUsuarios": {}
  }
]