[
  {
    "_usuarioAsociado": "12123123X",
    "_nombreCompleto": "Alex Valdepe\u00f1as",
    "_direccion": "c/direccion2",
    "_telefono": 6666666666,
    "_correoElectronico": "alex@gmail.com",
    "bicicletas": [],
    "familia": {
      "Pareja": "11111111A",
      "Hijos": [
        "22222222B"
      ],
      "Padres": []
    }
  },
  {
    "_usuarioAsociado": "11111111A",
    "_nombreCompleto": "Alejandro Montero",
    "_direccion": "c/direccion1",
    "_telefono": 666777888,
    "_correoElectronico": "alejandro@gmail.com",
    "bicicletas": [
      {
        "_fechaCompra": "30/05/2020",
        "_marca": "Canondale",
        "_modelo": "Modelo1",
        "_tipo": "Monta\u00f1a",
        "_color": "Negro",
        "_tamannoCuadro": 5,
        "_tamannoRuedas": 27,
        "_precio": 600,
        "_listaReparaciones": [
          {
            "_fecha": "30/05/2021",
            "_coste": 120,
            "_descripcion": "Cambio de manillar",
            "_categoria": "delantera"
          },
          {
            "_fecha": "30/09/2021",
            "_coste": 120,
            "_descripcion": "Cambio de manillar",
            "_categoria": "delantera"
          },
          {
            "_fecha": "20/02/2022",
            "_coste": 56.0,
            "_descripcion": "sillin",
            "_categoria": "ASIENTO"
          },
          {
            "_fecha": "21/02/2022",
            "_coste": 43.0,
            "_descripcion": "cuadro",
            "_categoria": "sfasfd"
          }
        ]
      },
      {
        "_fechaCompra": "26/06/2020",
        "_marca": "Trek",
        "_modelo": "Modelo2",
        "_tipo": "Carretera",
        "_color": "Azul",
        "_tamannoCuadro": 6,
        "_tamannoRuedas": 29,
        "_precio": 700,
        "_listaReparaciones": [
          {
            "_fecha": "30/05/2021",
            "_coste": 120,
            "_descripcion": "Cambio de manillar",
            "_categoria": "delantera"
          }
        ]
      },
      {
        "_fechaCompra": "21/02/2022",
        "_marca": "BH",
        "_modelo": "Carretera",
        "_tipo": "Carretera",
        "_color": "Rojo",
        "_tamannoCuadro": 23.0,
        "_tamannoRuedas": "17",
        "_precio": "1000",
        "_listaReparaciones": [
          {
            "_fecha": "21/02/2022",
            "_coste": 34.0,
            "_descripcion": "cambio",
            "_categoria": "RUEDAS"
          }
        ]
      }
    ],
    "familia": {
      "Pareja": "12123123X",
      "Hijos": [
        "22222222B"
      ],
      "Padres": []
    }
  },
  {
    "_usuarioAsociado": "22222222B",
    "_nombreCompleto": "Fran Montero",
    "_direccion": "c/direccion1",
    "_telefono": 111222333,
    "_correoElectronico": "fran@gmail.com",
    "bicicletas": [],
    "familia": {
      "Pareja": null,
      "Hijos": [],
      "Padres": [
        "12123123X",
        "11111111A"
      ]
    }
  }
]